{
  "First Config Request" : {
    "transaction" : "First Config Request",
    "sampleCount" : 520,
    "errorCount" : 174,
    "errorPct" : 33.46154,
    "meanResTime" : 1032.025,
    "medianResTime" : 1013.5,
    "minResTime" : 723.0,
    "maxResTime" : 1498.0,
    "pct1ResTime" : 1214.6000000000001,
    "pct2ResTime" : 1270.0,
    "pct3ResTime" : 1426.7399999999998,
    "throughput" : 4.6073966436887535,
    "receivedKBytesPerSec" : 1.0393638913008807,
    "sentKBytesPerSec" : 0.7019080824369585
  },
  "Third Config Request" : {
    "transaction" : "Third Config Request",
    "sampleCount" : 520,
    "errorCount" : 178,
    "errorPct" : 34.23077,
    "meanResTime" : 1033.2038461538446,
    "medianResTime" : 1024.0,
    "minResTime" : 740.0,
    "maxResTime" : 1471.0,
    "pct1ResTime" : 1217.8000000000002,
    "pct2ResTime" : 1267.9,
    "pct3ResTime" : 1375.4799999999996,
    "throughput" : 4.588329759730348,
    "receivedKBytesPerSec" : 1.0350626704079202,
    "sentKBytesPerSec" : 0.6990033618339201
  },
  "Total" : {
    "transaction" : "Total",
    "sampleCount" : 1560,
    "errorCount" : 530,
    "errorPct" : 33.974358,
    "meanResTime" : 1032.258974358975,
    "medianResTime" : 1017.0,
    "minResTime" : 723.0,
    "maxResTime" : 1500.0,
    "pct1ResTime" : 1215.0,
    "pct2ResTime" : 1266.0,
    "pct3ResTime" : 1388.6799999999985,
    "throughput" : 13.764260568040445,
    "receivedKBytesPerSec" : 3.1050236242356863,
    "sentKBytesPerSec" : 2.0968990709124116
  },
  "Second Config Request" : {
    "transaction" : "Second Config Request",
    "sampleCount" : 520,
    "errorCount" : 178,
    "errorPct" : 34.23077,
    "meanResTime" : 1031.5480769230771,
    "medianResTime" : 1017.0,
    "minResTime" : 733.0,
    "maxResTime" : 1500.0,
    "pct1ResTime" : 1214.9,
    "pct2ResTime" : 1255.9,
    "pct3ResTime" : 1396.0,
    "throughput" : 4.588086856013482,
    "receivedKBytesPerSec" : 1.0350078747452287,
    "sentKBytesPerSec" : 0.6989663569708039
  }
}